Fund Name,P1,P2,P3,P4,P5,Topsis Score,Rank
M1,0.65,0.42,3.9,44.5,12.37,0.39161688312820964,6
M2,0.9,0.81,3.0,39.1,10.95,0.5962173185063403,2
M3,0.89,0.79,6.4,62.5,17.65,0.5700043717490477,3
M4,0.66,0.44,5.2,50.9,14.3,0.3501591896582627,8
M5,0.73,0.53,3.9,34.5,9.92,0.37465195057206296,7
M6,0.65,0.42,4.4,67.1,18.14,0.5425570595335385,4
M7,0.82,0.67,3.7,54.6,14.95,0.6774027861329854,1
M8,0.68,0.46,3.8,57.2,15.54,0.5311940168692032,5
